Оксана, 5281042129, /menu
Оксана, 5281042129, /div 3/5 4/9
Оксана, 5281042129, /div 3/5 4/9
Оксана, 5281042129, /sumcomplex 1+2j 2+4j
Оксана, 5281042129, /subcomplex 1+2j 2+4j
Оксана, 5281042129, /sumcomplex 1+2j 2+4j
Оксана, 5281042129, /subcomplex 1+2j 2+4j
Оксана, 5281042129, /multcomplex 1+2j 2+4j
Оксана, 5281042129, /subcomplex 1+2j 2+4j
Оксана, 5281042129, /sumcomplex 1+2j 2+4j
Оксана, 5281042129, /subcomplex 1+2j 2+4j
Оксана, 5281042129, /multcomplex 1+2j 2+4j
Оксана, 5281042129, /divcomplex 1+2j 2+4j
Оксана, 5281042129, /divcomplex -2+j 1-j
Оксана, 5281042129, /menu

